Brier,MAE,ROC-AUC,accuracy,f1_score,precision,recall
0.07324533712685724,0.07324533712685724,0.9267718579234971,0.9267546628731428,0.9278368553679323,0.9130520107986019,0.9442459016393443
