Brier,MAE,ROC-AUC,accuracy,f1_score,precision,recall
0.14858840265546674,0.14858840265546674,0.8514153005464482,0.8514115973445334,0.8515210066663648,0.8505488817318211,0.8545218579234973
