Brier,MAE,ROC-AUC,accuracy,f1_score,precision,recall
0.2038613331526893,0.2038613331526893,0.7961516393442625,0.7961386668473108,0.7934666189561089,0.8035574184145383,0.7868770491803277
