Brier,MAE,ROC-AUC,accuracy,f1_score,precision,recall
0.13584890258772528,0.13584890258772528,0.8641680327868851,0.8641510974122748,0.8638502531241403,0.8645492675453244,0.8655628415300544
