Brier,MAE,ROC-AUC,accuracy,f1_score,precision,recall
0.05138894910355418,0.05138894910355418,0.9486229508196721,0.9486110508964457,0.9491722081124262,0.939711239735569,0.9598224043715846
