Brier,MAE,ROC-AUC,accuracy,f1_score,precision,recall
0.20488383462042184,0.20488383462042184,0.7951161202185795,0.7951161653795783,0.7930899577023384,0.8015276455720712,0.7870655737704918
